N,ROB,RS,PREDBITS,BTBLINES
3,32,16,2,8,2.70803
3,32,16,4,8,2.70803
