N,ROB,RS,PREDBITS,CPI
1,8,8,5,3.318599
1,12,8,5,3.299943
1,12,12,5,3.299943
1,16,8,5,3.330941
1,16,12,5,3.332664
1,16,16,5,3.332664
